"district","village"
"Sisattanak","103 hospital"
"Xaythany","19 km"
"Xaythany","21 km"
"Xaythany","27km"
"Xaythany","36 km"
"Xaythany","36km"
"Sikhottabong","akard"
"Sikhottabong","Akard"
"Sikhottabong","Akat"
"Hadxaifong","amone"
"Sisattanak","amone"
"Xaysetha","amone"
"Xaysetha","Amone"
"Naxaithong","angnamhoum"
"Naxaithong","Angnamhoum"
"Chanthabuly","anou"
"Xaythany","audomfan"
"Xaythany","Audompon"
"Chanthabuly","AV hotel"
"Hadxaifong","B"
"Naxaithong","B"
"Chanthabuly","B. Bonangoua"
"Sisattanak","banfaiy"
"Xaythany","banhai"
"Xaythany","banna"
"Chanthabuly","Bonangoua"
"Hadxaifong","bor o"
"Xaysetha","borlao"
"Xaysetha","borlek"
"Xaythany","borlek"
"Chanthabuly","Bornangua"
"Naxaithong","Boua"
"Sisattanak","buengkhayong"
"Xaythany","chalernxay"
"Xaythany","Changsavang"
"Chanthabuly","chansavang"
"Sikhottabong","chansavang"
"Xaysetha","chansavang"
"Sikhottabong","Chansavang"
"Hadxaifong","chiempang"
"Sisattanak","chomchaeng"
"Sikhottabong","chomjaeng"
"Sisattanak","chomjaeng"
"Sisattanak","Chomjaeng"
"Xaysetha","chommany"
"Xaythany","chommany"
"Chanthabuly","Chommany"
"Xaysetha","Chommany"
"Chanthabuly","Chommany Neua"
"Xaysetha","Chommany Neua"
"Xaysetha","Chommany Tai"
"Xaysetha","chommany temple"
"Xaysetha","Chommany temple"
"Xaysetha","chommanykang"
"Xaysetha","chommanynuea"
"Xaysetha","chommanytai"
"Xaysetha","chommanytai temple"
"Xaysetha","chommnay"
"Sisattanak","chomphet"
"Sisattanak","Chomphet"
"Sisattanak","chomphettai"
"Sisattanak","Chomphettai"
"Xaysetha","chomsi"
"Xaysetha","Chomsy"
"Hadxaifong","chomthong"
"Hadxaifong","Chomthong"
"Chanthabuly","chormany"
"Xaysetha","Chormmany"
"Sisattanak","Chormphetneua"
"Xaythany","dansang"
"Naxaithong","dansi"
"Naxaithong","Dansi"
"Naxaithong","danxang"
"Pakngeum district","danxang"
"Xaythany","danxang"
"Xaythany","Danxang"
"Sikhottabong","darnkham"
"Chanthabuly","Dondeng"
"Hadxaifong","Dondou"
"Xaythany","donedaeng"
"Chanthabuly","Donedeng"
"Hadxaifong","donedou"
"Hadxaifong","Donedou"
"Hadxaifong","donefaiy"
"Hadxaifong","Donefaiy"
"Pakngeum district","donehai"
"Sikhottabong","donekeo"
"Hadxaifong","donekhaxai"
"Hadxaifong","Donekhaxaiy"
"Sisattanak","donekhoy"
"Sisattanak","donekoy"
"Xaysetha","donekoy"
"Sisattanak","Donekoy"
"Xaythany","doneloum"
"Sisattanak","doneloy"
"Sisattanak","donenokkhoum"
"Sisattanak","Donenokkhoum"
"Sisattanak","donenokkhoun"
"Sisattanak","donenokkhum"
"Xaysetha","donenoun"
"Xaythany","donenoun"
"Xaythany","Donenoun"
"Xaythany","donenoun temple"
"Sisattanak","donepamai"
"Pakngeum district","donesangphai"
"Xaythany","donetiew"
"Pakngeum district","donexangphai"
"Xaythany","dong"
"Xaythany","dongbakkhaiy"
"Xaythany","dongbang"
"Naxaithong","dongbong"
"Naxaithong","Dongbong"
"Xaythany","Dongboutdee"
"Xaythany","dongbung"
"Xaythany","Dongbung"
"Sisattanak","dongdok"
"Xaysetha","dongdok"
"Xaythany","dongdok"
"Xaythany","Dongdok"
"Hadxaifong","dongkalao"
"Sikhottabong","dongkalao"
"Sikhottabong","Dongkalao"
"Xaysetha","dongkhamsang"
"Hadxaifong","dongkhamxang"
"Hadxaifong","Dongkhamxang"
"Hadxaifong","dongkhaxang"
"Xaysetha","dongkhuay"
"Xaythany","dongkhuay"
"Sisattanak","dongkoy"
"Sikhottabong","dongluang"
"Naxaithong","Dongluang"
"Xaythany","dongmakkhaiy"
"Xaythany","Dongmakkhaiy"
"Xaythany","dongmarkkhaiy"
"Chanthabuly","Dongmiang"
"Chanthabuly","Dongmieng"
"Xaythany","dongnakhuay"
"Sikhottabong","dongnasok"
"Sikhottabong","Dongnasok"
"Sikhottabong","dongnasoknuea"
"Sikhottabong","Dongnasoknuea"
"Sikhottabong","Dongnasoktai"
"Chanthabuly","dongnathong"
"Sikhottabong","dongnathong"
"Sikhottabong","Dongnathong"
"Chanthabuly","Dongpalab"
"Chanthabuly","Dongpalaep"
"Sisattanak","dongpalan"
"Sisattanak","Dongpalan"
"Sisattanak","dongpalantha"
"Sisattanak","dongpalanthong"
"Chanthabuly","Dongpalep"
"Hadxaifong","Dongphohae"
"Hadxaifong","Dongphonelao"
"Hadxaifong","Dongphonhair"
"Hadxaifong","Dongphonhlao"
"Hadxaifong","dongphonlao"
"Hadxaifong","Dongphonlao"
"Hadxaifong","dongphosy"
"Hadxaifong","Dongphosy"
"Hadxaifong","Dongphosy Temple"
"Xaythany","dongsanghin"
"Pakngeum district","dongsarngpai"
"Sisattanak","dongsavad"
"Sisattanak","dongsavard"
"Sisattanak","Dongsavard"
"Xaysetha","Dongsavath"
"Xaythany","Dongxanghin"
"Naxaithong","dongxiangdy"
"Naxaithong","dongxiengdy"
"Naxaithong","Dongxiengdy"
"Xaysetha","dongyai"
"Hadxaifong","Donkhasaiy"
"Xaysetha","Donkoy"
"Xaysetha","Donngiew"
"Xaythany","Donnoun"
"Xaythany","Dontil"
"Xaysetha","doung"
"Xaysetha","Doung"
"Xaysetha","Doungkang"
"Naxaithong","elai"
"Sisattanak","faiy"
"Sisattanak","french ambassy"
"Sisattanak","french embassy"
"Chanthabuly","funky monkey hotel"
"Hadxaifong","Haddonkeo"
"Hadxaifong","Hadsaykhao"
"Pakngeum district","hai"
"Xaythany","hai"
"Xaythany","Hai"
"Xaysetha","haikham"
"Xaysetha","Haikham"
"Sisattanak","haiysok"
"Chanthabuly","Haiysok"
"Xaythany","Halkeing"
"Hadxaifong","harddoneheo"
"Hadxaifong","hardkunza"
"Hadxaifong","hardsaiykhao"
"Sisattanak","hardsaiykhao"
"Hadxaifong","Hardsaiykhao"
"Hadxaifong","hardxaikhao"
"Chanthabuly","Hautsadee"
"Chanthabuly","Haysok"
"Sangthong","hinherp"
"Sangthong","hinsiew"
"Hadxaifong","homtai"
"Xaysetha","honghae"
"Xaysetha","hongkae"
"Xaysetha","Hongkae"
"Chanthabuly","Hongkaikeo"
"Chanthabuly","hongkaithong"
"Chanthabuly","Hongkaithong"
"Chanthabuly","Hongkha"
"Chanthabuly","Hongkhar"
"Xaysetha","Hongngua"
"Chanthabuly","Hongsaeng"
"Xaysetha","Hongsoupharb"
"Xaysetha","hongsoupharp"
"Xaysetha","Hongsoupharp"
"Chanthabuly","Hongxeng"
"Hadxaifong","horm"
"Hadxaifong","Horm"
"Hadxaifong","hormtai"
"Xaythany","houa"
"Xaysetha","houakhoua"
"Xaysetha","houakhua"
"Xaysetha","Houakhua"
"Hadxaifong","houala"
"Naxaithong","houana"
"Pakngeum district","houana"
"Xaythany","houana"
"Xaythany","houaxieng"
"Xaythany","houaydanmueang"
"Xaythany","Houaydanmueang"
"Sangthong","houayhang"
"Xaythany","houayhong"
"Naxaithong","houaynamy"
"Naxaithong","houaynamyen"
"Pakngeum district","houaynamyon"
"Chanthabuly","houayong"
"Xaythany","houaytery"
"Xaythany","Houaytery"
"Xaythany","houayxieng"
"Sangthong","houayyang"
"Chanthabuly","Houy"
"Sikhottabong","houyhom"
"Chanthabuly","Houyhong"
"Naxaithong","houynamyen"
"Hadxaifong","huaha"
"Sikhottabong","Huaiyhom"
"Naxaithong","Huakhua"
"Xaythany","huana"
"Xaythany","Huana"
"Xaythany","Huaxieng"
"Xaythany","Huaydaenmeuang"
"Chanthabuly","Huayhong"
"Naxaithong","Huaynamyen"
"Chanthabuly","impaeng"
NA,"indian ambassy"
"Hadxaifong","jiambang"
"Sisattanak","jinaiymo"
"Sisattanak","jomjaeng"
"Sisattanak","Jomphet"
"Sisattanak","jomphetneu"
"Hadxaifong","Jomthong"
"Hadxaifong","kaengpayang"
"Hadxaifong","Kaengpayarng"
"Hadxaifong","kaengyang"
"Hadxaifong","Kaengyang"
"Hadxaifong","Kang"
"Bolikhamxay","Kao"
"Sisattanak","kaognot"
"Sisattanak","Kaognot"
"Sikhottabong","kaoliao"
"Sikhottabong","Kaoliao"
"Hadxaifong","karng"
"Xaythany","Khaengkai"
"Xaysetha","Khamgnoy"
"Xaythany","khamhoung"
"Xaythany","Khamhoung"
"Xaythany","khamhung"
"Sisattanak","khamngoy"
"Xaysetha","khamngoy"
"Xaythany","khamngoy"
"Xaythany","Khamngoy"
"Chanthabuly","khamsavad"
"Sisattanak","khamsavard"
"Xaysetha","khamsavard"
"Xaythany","khamsavard"
"Xaysetha","Khamsavard"
"Xaysetha","Khamsavath"
"Chanthabuly","khamvongsa hotel"
"Xaysetha","kharmngoy"
"Xaysetha","Kharmngoy"
"Sisattanak","khoknin"
"Xaysetha","khoknin"
"Sisattanak","Khoknin"
"Xaythany","khoknoy"
"Xaythany","Khoknoy"
"Sangthong","khokpherng"
"Xaythany","khoksaard"
"Xaythany","Khoksaarth"
"Hadxaifong","khoksaiy"
"Hadxaifong","Khoksaiy"
"Xaythany","khoksavang"
"Xaythany","Khoksavang"
"Hadxaifong","Khoksay"
"Xaythany","khoksivilay"
"Xaythany","Khoksivilay"
"Xaythany","khokyai"
"Xaythany","Khotsombath"
"Chanthabuly","Khoualouang"
"Hadxaifong","khouaydaeng"
"Xaysetha","Khoumhin"
"Sikhottabong","khounta"
"Sikhottabong","Khounta thong"
"Sikhottabong","khountatha"
"Sikhottabong","khountatthong"
"Xaythany","Khoutsambath"
"Chanthabuly","khualouang"
"Hadxaifong","khuaydaeng"
"Xaythany","komxiengthong"
"Xaythany","Koutsamvatk"
"Sangthong","kuay"
"Xaythany","lardkhuay"
"Xaythany","Lardkhuay"
"Sikhottabong","larkhin"
"Xaysetha","latkhuay"
"Xaythany","latkhuay"
"Xaythany","latkhuaytai"
"Sikhottabong","Lukhin"
"Pakngeum district","Maeknao"
"Xaythany","Mai"
"Pakngeum district","makhiao"
"Pakngeum district","maknao"
"Pakngeum district","maknaotai"
"Pakngeum district","Marknaodong"
"Sikhottabong","meuangvatha"
"Chanthabuly","Mixay"
"Chanthabuly","mixay hotel"
"Sikhottabong","mueangkang"
"Xaysetha","mueangnoy"
"Xaysetha","Mueangnoy"
"Xaysetha","mueangnoyxiengda"
"Sikhottabong","mueangvatha"
"Sisattanak","mueangvatha"
"Sikhottabong","Mueangvatong"
"Sikhottabong","Muengvathong"
"Chanthabuly","na"
"Xaythany","na"
"Xaythany","Na"
"Xaysetha","nabian"
"Xaysetha","Nabian"
"Pakngeum district","nabong"
"Xaythany","Nacair"
"Pakngeum district","nafai"
"Pakngeum district","nafaiy"
"Sisattanak","nahae"
"Sikhottabong","Nahae"
"Hadxaifong","nahai"
"Xaysetha","nahai"
"Xaythany","nahai"
"Hadxaifong","Nahai"
"Xaysetha","Nahai"
"Hadxaifong","Nahay"
"Naxaithong","nahoum"
"Naxaithong","Nainondyao"
"Naxaithong","naka"
"Xaysetha","nakhae"
"Xaythany","nakhae"
"Sikhottabong","Nakhae"
"Xaythany","Nakhae"
"Sikhottabong","nakham"
"Sikhottabong","Nakham"
"Xaythany","nakhanthoung"
"Xaythany","nakhao"
"Xaysetha","nakhauy"
"Xaythany","Nakhay"
"Xaythany","nakhoknoy"
"Xaysetha","nakhouaytai"
"Naxaithong","Nakhoun"
"Naxaithong","nakhounnoy"
"Naxaithong","Nakhounnoy"
"Xaysetha","Nakhuaiy"
"Xaysetha","nakhuay"
"Xaysetha","Nakhuay"
"Xaysetha","nakhuay tai"
"Xaysetha","Nakhuay tai"
"Xaysetha","nakhuaykang"
"Xaythany","nakhuaykang"
"Xaysetha","nakhuaytai"
"Xaysetha","Nakhuaytai"
"Naxaithong","Nakoun"
"Xaythany","nakoung"
"Sikhottabong","nalao"
"Sikhottabong","Nalao"
"Pakngeum district","nalerd"
"Naxaithong","nalian"
"Hadxaifong","nalong"
"Xaythany","nalorm"
"Naxaithong","Namkieng"
"Xaythany","namon"
"Naxaithong","namsone"
"Xaysetha","nano"
"Xaythany","Naphasouk"
"Xaythany","Naphork"
"Pakngeum district","nasa"
"Naxaithong","Nasaiytai"
"Naxaithong","nasaiythongtai"
"Naxaithong","Nasaiythongtai"
"Xaythany","nasala"
"Xaythany","Nasala"
"Xaysetha","Nasangphai"
"Xaythany","nasangvery"
"Naxaithong","nasiao"
"Xaythany","nasiao"
"Xaythany","Nasiao"
"Naxaithong","nasiew"
"Naxaithong","Nasiew"
"Naxaithong","nasiw"
"Xaythany","natan"
"Xaythany","nathae"
"Xaythany","Nathae"
"Hadxaifong","natham"
"Pakngeum district","natham"
"Hadxaifong","Natham"
"Hadxaifong","natharm"
"Pakngeum district","natharm"
"Xaythany","nathom"
"Xaythany","Nathom"
"Xaythany","Naun thong"
"Xaysetha","naxay"
"Xaysetha","Naxay"
"Xaythany","naxiao"
"Naxaithong","Naxone"
"Naxaithong","nayang"
"Naxaithong","Nayang"
"Pakngeum district","Nazon"
"Hadxaifong","nognhai"
"Chanthabuly","nognthatai"
"Pakngeum district","non"
"Xaythany","nonborkeo"
"Xaythany","Nonborkeo"
"Pakngeum district","none"
"Sikhottabong","noneborkeo"
"Xaythany","noneborkeo"
"Xaysetha","nonedanga"
"Xaythany","nonedanga"
NA,"nonehai"
"Sikhottabong","nonekeo"
"Xaythany","nonekeo"
"Xaythany","nonekhae"
"Sikhottabong","nonekhilek"
"Xaythany","nonekhilek"
"Xaysetha","nonekhor"
"Xaysetha","nonekhornuea"
"Hadxaifong","nonekhortai"
"Xaysetha","nonekhortai"
"Xaysetha","Nonekhortai"
"Xaythany","nonesaard"
"Xaythany","Nonesaard"
"Xaysetha","nonesagnar"
"Xaysetha","nonesanga"
"Xaysetha","nonesangar"
"Sisattanak","nonesavad"
"Chanthabuly","nonesavan"
"Xaysetha","nonesavan"
"Xaythany","nonesavan"
"Chanthabuly","nonesavang"
"Sikhottabong","nonesavang"
"Sisattanak","nonesavang"
"Xaysetha","nonesavang"
"Xaysetha","Nonesavanh"
"Xaythany","nonesengchan"
"Xaythany","nonesengchanh"
"Xaythany","Nonesengkeo"
"Xaythany","nonetae"
"Xaythany","nonethong"
"Xaysetha","nonevaiy"
"Xaysetha","nonewaiy"
"Xaythany","nonewaiy"
"Sikhottabong","Nongbeuk"
"Xaysetha","nongbone"
"Xaysetha","Nongbone"
"Sikhottabong","nongboua"
"Xaythany","nongboua"
"Xaythany","nongboua temple"
"Chanthabuly","nongbouathong"
"Sikhottabong","nongbouathong"
"Sikhottabong","Nongbouathong"
"Sikhottabong","Nongbouathong-Tai"
"Sikhottabong","nongbouathongnuea"
"Sikhottabong","Nongbouathongnuea"
"Sikhottabong","nongbuathong"
"Sikhottabong","Nongbuathong"
"Sikhottabong","nongbuek"
"Sikhottabong","Nongbuek"
"Sisattanak","nongchan"
"Sisattanak","Nongchan"
"Sikhottabong","nongda"
"Sikhottabong","nongdouang"
"Sisattanak","nongdouang"
"Sikhottabong","Nongdouang"
"Sikhottabong","nongdouangthong"
"Chanthabuly","nongduang"
"Sikhottabong","nongduang"
"Chanthabuly","Nongduang"
"Sikhottabong","Nongduang"
"Sikhottabong","nongduangnuea"
"Sikhottabong","nongduangtai"
"Sikhottabong","Nongduangtai"
"Hadxaifong","nonghaed"
"Hadxaifong","nonghai"
"Hadxaifong","Nonghai"
"Hadxaifong","nongheo"
"Hadxaifong","Nongheo"
"Hadxaifong","nongkeo"
"Xaythany","nongkhae"
"Naxaithong","nongkhankhou"
"Xaythany","nongkheng"
"Pakngeum district","Nongkhiad"
"Chanthabuly","nongniang"
"Sikhottabong","nongniang"
"Xaysetha","nongniang"
"Xaysetha","Nongniang"
"Sikhottabong","nongniao"
"Sikhottabong","nongnieng"
"Xaysetha","nongnieng"
"Xaysetha","Nongnieng"
"Sikhottabong","Nongniew"
"Xaythany","nongno"
"Hadxaifong","Nongpaen"
"Sikhottabong","nongpanai"
"Sikhottabong","Nongpanai"
"Hadxaifong","Nongpanneua"
"Sikhottabong","nongpano"
"Hadxaifong","Nongpantai"
"Xaysetha","nongphaya"
"Xaythany","nongphaya"
"Xaythany","Nongphaya"
"Hadxaifong","nongphong"
"Hadxaifong","Nongphong"
"Pakngeum district","nongphouvieng"
"Chanthabuly","Nongping"
"Naxaithong","nongsa"
"Naxaithong","Nongsah"
"Chanthabuly","nongsangthor"
"Xaysetha","nongsangthor"
"Xaythany","nongsangthor"
"Sikhottabong","nongsanokham"
"Sikhottabong","Nongsanokham"
"Xaysetha","nongsarngthor"
"Xaysetha","Nongsarngthor"
"Xaythany","nongsonghong"
"Xaythany","Nongsonghong"
"Naxaithong","nongtae"
"Sikhottabong","nongtaeng"
"Xaysetha","nongtaeng"
"Sikhottabong","Nongtaeng"
"Sikhottabong","nongtaeng tai"
"Sikhottabong","nongtaengnuea"
"Chanthabuly","nongtha"
"Chanthabuly","Nongtha"
"Chanthabuly","Nongtha Neua"
"Chanthabuly","Nongtha-Nua"
"Chanthabuly","Nongtha-Tai"
"Chanthabuly","Nongthaneau"
"Chanthabuly","nongthanuea"
"Chanthabuly","Nongthatai"
"Hadxaifong","nongvaeng"
"Sikhottabong","nongvaeng"
"Hadxaifong","Nongvaeng"
"Xaysetha","Nongveingkham"
"Xaysetha","nongviengkham"
"Xaythany","nongviengkham"
"Xaythany","Nongviengkham"
"Xaythany","nongviengkham temple"
"Naxaithong","nongyao"
"Sikhottabong","Nonkeo"
"Sikhottabong","nonkhilek"
"Sikhottabong","Nonkhilek"
"Xaysetha","nonkhor"
"Xaysetha","Nonkhor"
"Xaysetha","Nonkhortai"
"Sikhottabong","Nonkhylek"
"Sikhottabong","nonkoe"
"Xaythany","nonsaad"
"Xaythany","Nonsaad"
"Xaythany","Nonsaard"
"Chanthabuly","Nonsaart"
"Xaythany","nonsaengchan"
"Xaysetha","Nonsagna"
"Xaysetha","nonsangar"
"Xaysetha","Nonsangar"
"Xaysetha","Nonsavan"
"Xaysetha","nonsavang"
"Sikhottabong","Nonsavang"
"Xaysetha","Nonsavang"
"Sikhottabong","Nonsavath tai"
"Xaythany","Nonsengchanh"
"Xaythany","Nontae"
"Xaysetha","Nonvaiy"
"Xaythany","Nonwaiy"
"Xaysetha","nonwkhornuea"
"Sikhottabong","norngpanay"
"Pakngeum district","Noynongdong"
"Xaysetha","Noyxiengda"
"Chanthabuly","ongtue temple"
"Hadxaifong","onkham"
"Xaythany","oudomephon"
"Xaysetha","oudomephone"
"Xaythany","oudomephone"
"Xaysetha","oudomphon"
"Xaythany","oudomphon"
"Xaythany","Oudomphon"
"Xaythany","oudonmephone"
"Xaythany","oudonphon"
"Sikhottabong","oumong"
"Hadxaifong","Pafang"
"Naxaithong","Pakhaed"
NA,"pakkayoung"
"Pakngeum district","pakkouang"
"Hadxaifong","Pakpeng"
"Bolikhamxay","Paksan"
"Xaythany","pakthamthao"
"Sikhottabong","pakthang"
"Sisattanak","pakthang"
"Sikhottabong","Pakthang"
"Xaythany","pakthonethao"
"Naxaithong","parkhab"
"Naxaithong","parkhad"
"Pakngeum district","Parkngeum"
"Xaythany","Parksarp"
"Xaythany","Parksarpmai"
"Xaythany","parksarptai"
"Hadxaifong","Pava"
"Xaythany","phailorm"
"Xaythany","phakhao"
"Xaythany","Phakhao"
"Xaythany","phakhap"
"Sisattanak","phalanxay"
"Naxaithong","phanghaeng"
"Naxaithong","phanhaeng"
"Sisattanak","phanman"
"Sisattanak","phanmumh"
"Sisattanak","phanmunh"
"Sisattanak","Phanmunh"
"Hadxaifong","phao"
"Hadxaifong","Phao"
"Sisattanak","phapho"
"Sisattanak","Phapho"
"Chanthabuly","phasavang"
"Sisattanak","phaxai"
"Sisattanak","phaxay"
"Sangthong","phialard"
"Sangthong","Phialard"
"Sisattanak","Phiavat"
"Xaysetha","phobnekheng"
"Hadxaifong","Phogneun"
"Xaysetha","phokham"
"Xaythany","phokham"
"Xaythany","Phokham"
"Xaythany","phonehong"
"Naxaithong","phonekeo"
"Naxaithong","phonekham"
"Sikhottabong","phonekham"
"Xaythany","phonekham"
"Sikhottabong","Phonekham"
"Xaysetha","phonekheng"
"Xaysetha","Phonekheng"
"Xaythany","phonekhor"
"Xaythany","Phonekhor"
"Hadxaifong","phonemuang"
"Xaythany","phonengarm"
"Xaythany","Phonengarm"
"Xaysetha","phonepanao"
"Xaythany","phonepanao"
"Sisattanak","phonepapao"
"Sisattanak","Phonepapao"
"Xaythany","phonephaen"
"Xaysetha","phonephanao"
"Xaysetha","Phonephanao"
"Xaythany","Phonephang"
"Xaysetha","phonesaard"
"Xaythany","phonesaard"
"Xaysetha","Phonesaard"
"Sikhottabong","Phonesaardtai"
"Sikhottabong","phonesavad"
"Xaythany","phonesavad"
"Chanthabuly","phonesavan"
"Naxaithong","phonesavan"
"Sisattanak","phonesavan"
"Xaysetha","phonesavan"
"Sisattanak","Phonesavan"
"Sisattanak","phonesavang"
"Xaysetha","phonesavang"
"Chanthabuly","Phonesavang"
"Xaysetha","Phonesavang"
"Sisattanak","phonesavanmuea"
"Sisattanak","phonesavannuea"
"Sisattanak","phonesavantai"
"Sisattanak","Phonesavantai"
"Sikhottabong","phonesavat tai"
"Sikhottabong","Phonesavath"
"Sisattanak","phonesinouan"
"Sisattanak","Phonesinouan"
"Sisattanak","phonesinuan"
"Xaysetha","phonesinuan"
"Xaysetha","phonethan"
"Xaythany","phonethan"
"Sisattanak","Phonethan"
"Xaysetha","phonethanh"
"Xaysetha","phonethantai"
"Chanthabuly","phonethong"
"Xaysetha","phonethong"
"Xaythany","phonethong"
"Xaysetha","phonethun"
"Xaysetha","Phonethun"
"Chanthabuly","phonetong"
"Xaysetha","phonetong"
"Chanthabuly","Phonetong"
"Xaysetha","phonetongchommany"
"Chanthabuly","Phonetongchommany"
"Chanthabuly","phonetongsavad"
"Sisattanak","phonexai"
"Xaysetha","phonexay"
"Xaysetha","Phonexay"
"Hadxaifong","phongern"
"Xaysetha","phongkheng"
"Xaythany","phongsavang"
"Xaythany","phonhong"
"Xaythany","Phonhong"
"Xaysetha","Phonkeng"
"Naxaithong","phonkeo"
"Xaythany","phonkeo"
"Naxaithong","Phonkeo"
"Xaythany","Phonkeo"
"Sikhottabong","phonkham"
"Sikhottabong","Phonkham"
"Xaysetha","phonkheng"
"Xaysetha","Phonkheng"
"Xaysetha","phonkheng temple"
"Xaythany","phonkhor"
"Naxaithong","Phonmuang"
"Xaythany","phonngarm"
"Hadxaifong","Phonngern"
"Xaysetha","phonpanao"
"Sisattanak","phonpapa"
"Sisattanak","phonpapao"
"Sisattanak","Phonpapao"
"Xaysetha","phonphanao"
"Xaysetha","Phonphanao"
"Xaythany","phonphanout"
"Chanthabuly","phonphapao"
"Sikhottabong","phonsaaabtai"
"Xaythany","phonsaad"
"Xaysetha","phonsaard"
"Xaythany","phonsaard"
"Xaysetha","Phonsaard"
"Xaysetha","Phonsangar"
"Xaythany","phonsavad"
"Sisattanak","phonsavan"
"Xaysetha","phonsavan"
"Chanthabuly","phonsavang"
"Sikhottabong","phonsavang"
"Xaysetha","phonsavang"
"Chanthabuly","Phonsavang"
"Sisattanak","Phonsavang"
"Xaythany","Phonsavang"
"Sisattanak","phonsavanh"
"Naxaithong","Phonsavanh"
"Sisattanak","phonsavannuea"
"Sisattanak","phonsavantai"
"Sikhottabong","Phonsavard"
"Chanthabuly","phonsavart"
"Sikhottabong","Phonsavathtai"
"Xaysetha","Phonsay"
"Xaythany","Phonsay"
"Sisattanak","phonsinouan"
"Sisattanak","phonsinuan"
"Sisattanak","Phonsinuan"
"Sikhottabong","Phonsomboun"
"Sisattanak","phonthan"
"Xaysetha","phonthan"
"Xaysetha","Phonthan neua"
"Chanthabuly","Phonthong"
"Xaysetha","Phonthong"
"Xaythany","Phonthong"
"Chanthabuly","phonthongsavard"
"Xaysetha","phonthun"
"Xaysetha","Phonthun"
"Chanthabuly","phontong"
"Sisattanak","phontong"
"Chanthabuly","Phontongchommani"
"Chanthabuly","phontongchommany"
"Chanthabuly","phontongsavad"
"Chanthabuly","phontongsavard"
"Chanthabuly","Phontongsavard"
"Chanthabuly","Phontongsavat"
"Xaysetha","phonxay"
"Xaythany","phonxay"
"Xaysetha","Phonxay"
"Xaythany","Phonxay"
"Hadxaifong","phosi"
"Hadxaifong","phosy"
"Hadxaifong","Phosy"
"Sikhottabong","Phosy"
"Xaythany","phoukham"
"Xaythany","Phoukham"
"Naxaithong","phoukhaokham"
"Sisattanak","phoxay"
"Sisattanak","phunmun"
"Xaythany","Pphonhaikham"
"Xaysetha","pudomephone"
"Sikhottabong","Rkard"
"Xaythany","sa"
"Chanthabuly","Sailom"
"Xaythany","sainumngern"
"Hadxaifong","saiyfong"
"Hadxaifong","saiyfongnuea"
"Hadxaifong","saiyfongtai"
"Hadxaifong","Saiyfongtai"
"Sisattanak","saiylom"
"Chanthabuly","saiynamngern"
"Xaythany","saiynamngern"
"Xaythany","Saiynamngern"
"Xaythany","saiynangern"
"Xaythany","saiyngarmngern"
"Xaysetha","sakhae"
"Hadxaifong","salakham"
"Hadxaifong","Salakham"
"Hadxaifong","Salakhamneua"
"Hadxaifong","salakhamtai"
"Hadxaifong","Salakhamtai"
"Xaysetha","Samkay"
"Xaysetha","samke"
"Sikhottabong","Samked"
"Sikhottabong","samket"
"Xaythany","samket"
"Sikhottabong","Samket"
"Xaythany","samkhae"
"Xaysetha","Samkhay"
"Xaysetha","samkhe"
"Xaythany","samkhe"
"Sikhottabong","samkhet"
"Xaythany","samphoun"
"Sangthong","samuad"
"Xaysetha","sanamma"
"Xaythany","sangcom"
"Xaythany","sanghouabor"
"Xaythany","sanghuabor"
"Sikhottabong","sangjeing"
"Xaythany","sangkhou"
"Xaythany","Sangkhou"
"Xaythany","Sangkou"
"Pakngeum district","sangsai"
"Pakngeum district","Sangsai"
"Sisattanak","sangvery"
"Sisattanak","sangvoey"
"Sisattanak","sangwery"
"Sisattanak","Sangwery"
"Sangthong","sanod"
"Xaythany","saphangmeuk"
"Xaysetha","saphangmor"
"Xaysetha","Saphangmor"
"Xaysetha","saphangmor temple"
"Xaythany","saphangmuek"
"Sisattanak","saphangthong"
"Sisattanak","saphanthong"
"Sisattanak","Saphanthong"
"Sisattanak","saphanthong nuea"
"Sisattanak","saphanthong tai"
"Sisattanak","saphanthong temple"
"Sisattanak","saphanthongnuea"
"Sisattanak","saphanthongtai"
"Sisattanak","Saphanthongtai"
"Sisattanak","sapharnthong"
"Sisattanak","sapharpthong"
"Sisattanak","saphathongtai"
"Sisattanak","Saphathongtai"
"Xaythany","saphungmuek"
"Xaythany","Saphungmuek"
"Xaythany","sarmsaard"
"Xaythany","Sarmsaard"
"Xaythany","Sarnghuabor"
"Chanthabuly","savang"
"Xaysetha","Savang"
"Chanthabuly","savang temple"
"Chanthabuly","savarng"
"Chanthabuly","Saylom"
"Sisattanak","Saysatan"
"Xaysetha","saysavang"
"Xaythany","Saysavang"
"Xaythany","sengoudom"
"Xaysetha","sengsavag"
"Xaysetha","sengsavan"
"Xaysetha","sengsavang"
"Xaythany","sengsavang"
"Xaysetha","Sengsavang"
"Xaysetha","sengsavng"
"Xaysetha","sensavang"
"Sikhottabong","sibounghueang"
"Sikhottabong","Sibounghueang"
"Sikhottabong","Sibounhaeug"
"Chanthabuly","sibounheuang"
"Xaythany","sibounheuang"
"Sikhottabong","Sibounheuang thong"
"Chanthabuly","sibounhueang"
"Sikhottabong","sibounhueang"
"Chanthabuly","Sibounhueang"
"Sikhottabong","sibounhueangtha"
"Chanthabuly","Sibounhueng"
"Chanthabuly","sidamduan"
"Chanthabuly","Sidamduan"
"Xaysetha","Siengda"
"Chanthabuly","sihorm"
"Sikhottabong","sikai"
"Sikhottabong","Sikaitha"
"Sikhottabong","Sikaithong"
"Naxaithong","sikerd"
"Naxaithong","Sikerd"
"Sikhottabong","sikhai"
"Sikhottabong","sikottoung"
"Sisattanak","simeuang"
"Hadxaifong","simmano"
"Hadxaifong","Simmano"
"Hadxaifong","Simmanoneua"
"Hadxaifong","Simmanotai"
"Sisattanak","simueang"
"Xaysetha","sisangvone"
"Xaythany","sisangvone"
"Xaysetha","Sisangvone"
"Xaysetha","sisangvone temple"
"Chanthabuly","sisavad"
"Chanthabuly","sisavard"
"Chanthabuly","sisavat"
"Chanthabuly","Sisavat"
"Chanthabuly","Sisavath"
"Sikhottabong","sisomsuen"
"Sikhottabong","sithannuea"
"Hadxaifong","sithantai"
"Hadxaifong","Sithantai"
"Sikhottabong","sitharnnuea"
"Hadxaifong","Sitharntai"
"Chanthabuly","sitone"
"Xaythany","sivialy"
"Xaythany","sivilai"
"Xaythany","Sivilai"
"Chanthabuly","sivilay"
"Xaythany","sivilay"
"Xaythany","Sivilay"
"Xaysetha","sokkham"
"Xaythany","sokkham"
"Xaysetha","Sokkham"
"Xaysetha","soknoy"
"Xaysetha","Soknoy"
"Sisattanak","sokpaluang"
"Sisattanak","Sokpaluang"
"Xaysetha","sokyai"
"Xaysetha","somekay"
"Hadxaifong","somhong"
"Xaysetha","somsamai"
"Xaythany","somsamai"
"Xaythany","Somsamai"
"Xaysetha","somsanga"
"Xaysetha","Somsanga"
"Xaysetha","somsangar"
"Hadxaifong","somsanouj"
"Hadxaifong","somsanouk"
"Hadxaifong","Somsanouk"
"Xaythany","Somsanouk"
"Pakngeum district","somsavad"
"Xaysetha","somsavan"
"Xaythany","somsavan"
"Xaysetha","somsavang"
"Xaythany","somsavang"
"Xaythany","somsavanh"
"Xaythany","Somsavanh"
"Hadxaifong","somvang"
"Hadxaifong","Somvang"
"Hadxaifong","somvang neua"
"Hadxaifong","somvangnuea"
"Hadxaifong","somvangtai"
"Hadxaifong","Somvangtai"
"Hadxaifong","somvannuea"
"Hadxaifong","somvng"
"Naxaithong","songpeuay"
"Naxaithong","Songpieuy"
"Sisattanak","souanmone"
"Sisattanak","Souanmone"
"Hadxaifong","suanmone"
"Sisattanak","suanmone"
"Sikhottabong","sumket"
"Sikhottabong","Sumket"
"Sikhottabong","sungjien"
"Sikhottabong","Sykaitha"
"Sikhottabong","Sykaitong"
"Naxaithong","sykert"
"Naxaithong","Sykert"
"Xaythany","tanmixai"
"Xaysetha","Tanmixay"
"Xaythany","Tanmixay"
"Sangthong","Taohai"
"Sikhottabong","tardthong"
"Sikhottabong","Tardthong"
"Xaythany","tarmmixay"
"Pakngeum district","tarngkhong"
"Xaythany","tarnmixai"
"Xaythany","tarnmixay"
"Xaythany","Tarnmixay"
"Sikhottabong","Tatthong"
"Hadxaifong","Thadeau"
"Hadxaifong","thadeua"
"Hadxaifong","Thadeua"
"Xaythany","thadindaeng"
"Xaythany","Thadindaeng"
"Hadxaifong","thaduea"
"Hadxaifong","thakaek"
"Hadxaifong","Thakhaek"
"Pakngeum district","thakhokhai"
"Pakngeum district","thakokhai"
"Hadxaifong","thamouang"
"Hadxaifong","thamuan"
"Hadxaifong","thamuang"
"Hadxaifong","Thamuang"
"Hadxaifong","Thana"
"Xaythany","thanak"
"Sangthong","Thanakam"
"Hadxaifong","thanalaeng"
"Hadxaifong","Thanalaeng"
"Sisattanak","thanark"
"Xaythany","thangon"
"Xaythany","Thangon"
"Xaythany","thangone"
"Xaythany","thanmexay"
"Hadxaifong","Thapha"
"Sisattanak","thaphalanxai"
"Sisattanak","thaphalanxay"
"Sisattanak","Thaphalanxay"
"Sisattanak","thaphalarnsay"
"Xaysetha","thasommor"
"Xaythany","Thasommor"
"Sisattanak","Thatkao"
"Sisattanak","thatkhao"
"Xaythany","thatkhao"
"Xaysetha","thatlouang"
"Xaysetha","thatlouangkang"
"Xaysetha","thatlouangtai"
"Xaysetha","thatluang"
"Xaysetha","Thatluang"
"Xaysetha","Thatluang tai"
"Xaysetha","thatluangkang"
"Xaysetha","Thatluangkang"
"Xaysetha","Thatluangneua"
"Xaysetha","thatluangnuea"
"Pakngeum district","thatluangtai"
"Sisattanak","thatluangtai"
"Xaysetha","thatluangtai"
"Xaysetha","Thatluangtai"
"Hadxaifong","Thinphia"
"Hadxaifong","thinphian"
"Hadxaifong","Thinthaen"
"Pakngeum district","Thinthieng"
"Hadxaifong","thinthome"
"Hadxaifong","Thintom"
"Sisattanak","thongkang"
"Sisattanak","Thongkang"
"Chanthabuly","thongkhankham"
"Xaythany","thongkhankham"
"Chanthabuly","Thongkhankham"
"Chanthabuly","thongkhunkham"
"Xaythany","thongmang"
"Xaythany","Thongmang"
"Sisattanak","thongphanthog"
"Sisattanak","thongphanthong"
"Sisattanak","Thongphanthong"
"Sikhottabong","thongpong"
"Sikhottabong","Thongpong"
"Chanthabuly","thongsanang"
"Chanthabuly","thongsangnagn"
"Chanthabuly","thongsangnang"
"Chanthabuly","Thongsangnang"
"Chanthabuly","thongthoum"
"Chanthabuly","thongtoum"
"Chanthabuly","Thongtoum"
"Chanthabuly","thongtoum temple"
"Chanthabuly","Thongtoum temple"
"Chanthabuly","thongxangnang"
NA,"thuay"
"Xaythany","tounaein"
"Xaythany","Tthanak"
"Sangthong","Vangma"
"Xaysetha","vangsaiy"
"Xaysetha","vangxai"
"Xaysetha","Vangxaiy"
"Hadxaifong","Vasphachaosang"
"Chanthabuly","vatchan"
"Sisattanak","vatnak"
"Chanthabuly","Vatnak"
"Sisattanak","vatnak temple"
"Sisattanak","vatnaknoy"
"Sisattanak","vatnark"
"Sisattanak","Vatnark"
"Hadxaifong","Vatphongern"
"Sikhottabong","vattai"
"Sikhottabong","vattainoy"
"Sikhottabong","vattaithong"
"Sikhottabong","vattaiyai"
"Sikhottabong","Vattaiyai"
"Pakngeum district","vernkabao"
"Pakngeum district","Vernkabao"
"Pakngeum district","Vernkan"
"Xaythany","vernkham"
"Xaythany","Vernkham"
"Xaythany","Vernthan"
"Xaysetha","vienchalern"
"Xaysetha","viengchalern"
"Xaysetha","Viengchalern"
"Xaysetha","Viengchaleurn"
"Xaythany","viengkeo"
"Xaythany","Viengkeo"
"Sikhottabong","viengkham"
"Sikhottabong","Viengkham"
"Sikhottabong","viengsavan"
"Sikhottabong","Viengsavan"
"Chanthabuly","Wat Mixay"
"Hadxaifong","Wat Phoxay"
"Sisattanak","watnak"
"Sisattanak","watsop"
"Sisattanak","Watsop"
"Sikhottabong","Wattay"
"Xaysetha","xai"
"Xaythany","xai"
"Xaythany","Xai"
"Xaythany","xaimoungkhoun"
"Xaythany","xaisavang"
"Xaythany","Xaisavang"
"Xaythany","xaisomboun"
"Xaythany","xang"
"Xaythany","xangkhou"
"Xaythany","Xangkhou"
"Sisattanak","xangwery"
"Xaysetha","xay"
"Xaythany","xay"
"Xaythany","Xay"
"Naxaithong","xaymoungkhoun"
"Naxaithong","Xaymoungkhoun"
"Naxaithong","xaymounkhoun"
"Xaythany","xaynameuang"
"Sisattanak","Xaysakan"
"Xaythany","xaysanga"
"Sisattanak","xaysatharn"
"Xaythany","xaysavang"
"Xaysetha","xaysomboun"
"Xaythany","xaysomboun"
"Xaythany","Xaysomboun"
"Hadxaifong","xeingda"
"Xaysetha","xiengda"
"Xaysetha","Xiengda"
"Hadxaifong","Xiengkhone"
"Hadxaifong","xiengkhuan"
"Hadxaifong","Xiengkhuan"
"Pakngeum district","xienglaetha"
"Pakngeum district","xienglaethai"
"Chanthabuly","xiengyeun"
"Chanthabuly","Xiengyeun"
"Chanthabuly","xiengyuen"
"Xaysetha","Xokkham"
"Xaysetha","Xoknoy"
"Xaysetha","Xokyai"
"Naxaithong","Yerk"
"Xaysetha","zoknoy"
"Hadxaifong",NA
"Naxaithong",NA
"Sangthong",NA
"Sikhottabong",NA
"Sisattanak",NA
"Xaysetha",NA
"Xaythany",NA
NA,NA
